{"train/global_step":1218,"_timestamp":1.7377873224244273e+09,"total_flos":2.648520919047209e+17,"train_loss":0.7862758591942404,"_wandb":{"runtime":82646},"train/learning_rate":0,"train_samples_per_second":1.889,"train/grad_norm":5.240849494934082,"_step":1218,"train_steps_per_second":0.015,"_runtime":82570.995909904,"train/loss":0.421,"train_runtime":82571.8622,"train/epoch":2.9992308875557607}