approach,micro_f1_test,micro_f1_rank_test,mase_test,mase_rank_test,rougeL_test,rougeL_rank_test,micro_f1_train,micro_f1_rank_train,mase_train,mase_rank_train,rougeL_train,rougeL_rank_train,mean_rank_test,mean_rank_train
01_gemma_base,0.428974497449745,7.0,3.610215953019848,6.0,0.12988606974138336,7.111111111111111,0.4863780869629034,5.836363636363636,1.1842217461674398,4.0,0.3860523767623486,5.6923076923076925,6.703703703703703,5.176223776223776
02_gemma_CAseed,0.6025598559855985,2.6,2.527409269774599,4.333333333333333,0.2610959111325427,5.222222222222222,0.6544399034686837,2.290909090909091,1.096958530979606,3.176470588235294,0.5238425746249898,3.6153846153846154,4.051851851851851,3.027588098176333
05_gemma_CAseed+CAgen,0.5403198319831983,5.0,3.0855561780446674,6.0,0.2674495238498923,4.444444444444445,0.6345191648271015,3.2,1.1448535337797154,3.8823529411764706,0.51403689109155,3.769230769230769,5.148148148148148,3.6171945701357466
07_gemma_CAseed+Alpaca,0.5685404540454045,3.6,2.4417587042454216,3.0,0.3417732496324029,3.4444444444444446,0.6097503889426377,3.7636363636363637,0.8893420487241466,3.1176470588235294,0.5014356074831079,4.769230769230769,3.348148148148148,3.8835047305635535
08_gemma_CAseed+CAgen+Alpaca,0.6066608660866086,2.4,3.059417165200864,5.0,0.35023596557399544,3.5555555555555554,0.6268432879738918,3.581818181818182,1.0344326459289357,2.764705882352941,0.5125382884094426,4.076923076923077,3.651851851851852,3.4744823803647336
09_gemma-it-ours,0.4607344734473447,6.8,2.7148519016458637,4.166666666666667,0.29366019883664085,5.555555555555555,0.5252072130928034,5.6,2.1112126903810893,6.117647058823529,0.3395822402099033,6.923076923076923,5.507407407407407,6.213574660633483
10_gemma-it-ours_CAseed,0.5886184618461846,3.4,2.546587316723462,4.666666666666667,0.35344991723498004,3.5555555555555554,0.6627802863446882,2.3454545454545452,1.189257756059628,3.0588235294117645,0.5209425271187883,3.5384615384615383,3.874074074074074,2.9809132044426163
13_gemma-it-ours_CAseed+CAgen,0.5928778877887788,2.6,2.1923912611886895,2.8333333333333335,0.343254577596768,3.111111111111111,0.6061236776957188,4.090909090909091,0.9971554605922894,3.411764705882353,0.5155767109047694,3.6153846153846154,2.848148148148148,3.706019470725353
