approach,micro_f1_train,micro_f1_rank_train,rougeL_train,rougeL_rank_train,mean_rank_train
00_gemma-it-ours_CAseed+CAgen,0.6202995561043008,1.9827586206896552,0.4336509364242445,2.2580645161290325,2.120411568409344
01_gemma_CAseed+CAgen+Alpaca,0.6123120792544904,2.3448275862068964,0.3971116735288965,2.806451612903226,2.5756395995550614
02_gemma-it-ours,0.6178202075432871,2.2413793103448274,0.37330558660426005,2.467741935483871,2.354560622914349
03_gemma_base,0.5547918687714966,2.8793103448275863,0.4325805292317102,2.435483870967742,2.657397107897664
