approach,micro_f1_test,micro_f1_rank_test,mase_test,mase_rank_test,rougeL_test,rougeL_rank_test,micro_f1_train,micro_f1_rank_train,mase_train,mase_rank_train,rougeL_train,rougeL_rank_train,mean_rank_test,mean_rank_train
01_gemma_base,0.4474787478747875,7,4.183834433158717,5,0.1454184846693559,5,0.45095737959150056,8,1.567244850964018,4,0.3859429732372613,7,5.666666666666667,6.333333333333333
02_gemma_CAseed,0.6471332133213322,1,2.5075079566104117,4,0.22825086531470298,4,0.6474327194868791,1,1.1390656838740931,3,0.49805801700131447,2,3.0,2.0
05_gemma_CAseed+CAgen,0.571933193319332,5,2.8703207257465926,5,0.2621321813070547,2,0.6094731581312504,3,1.6173933730512005,5,0.48576542564540903,4,4.0,4.0
07_gemma_CAseed+Alpaca,0.6004503783711704,4,2.338398744375595,3,0.29866302639075004,2,0.5915776594777437,5,1.0289235700869659,2,0.47888647923282474,6,3.0,4.333333333333333
08_gemma_CAseed+CAgen+Alpaca,0.6488840550721738,2,2.4512211763168614,4,0.3184537534888536,1,0.6115344078714482,4,1.499764723623178,2,0.4861512045741232,5,2.3333333333333335,3.6666666666666665
09_gemma-it-ours,0.4972787278727873,6,2.1001037051845826,1,0.2417103711496172,4,0.4773513988053467,7,2.265994992728451,6,0.3441066988324698,8,3.6666666666666665,7.0
10_gemma-it-ours_CAseed,0.6321820515384872,3,2.073259880364677,3,0.31592772407133146,3,0.6392721588663246,2,1.2030716203713754,1,0.49176671274608386,3,3.0,2.0
13_gemma-it-ours_CAseed+CAgen,0.6473982398239825,1,1.9331697650679165,2,0.30555373867146157,1,0.5707257744315181,6,1.3328634158760593,4,0.4894951111326033,1,1.3333333333333333,3.6666666666666665
