{"train/learning_rate":5.405405405405406e-07,"train/global_step":1,"_timestamp":1.7375379173486195e+09,"train/grad_norm":15.001235008239746,"train/epoch":0.002461159821565913,"_runtime":69.117847856,"_step":0,"_wandb":{"runtime":136},"train/loss":1.4129}